FM-II,SYBT-CE-DSY,Maths1
FM-II,SYBT-IT-DSY,Maths1
ECW,FYBT-A1,Gaikwad
ECW,FYBT-A2,Gaikwad
ECW,FYBT-A3,Gaikwad
ECW,FYBT-A4,Gaikwad
ECW,FYBT-A5,Jignesh
ECW,FYBT-B1,Jignesh
ECW,FYBT-B2,Jignesh
ECW,FYBT-B3,Jignesh
ECW,FYBT-B4,Nikita
ECW,FYBT-B5,Nikita
ECW,FYBT-C1,Nikita
ECW,FYBT-C2,Nikita
ECW,FYBT-C3,Archana
ECW,FYBT-C4,Archana
ECW,FYBT-C5,Archana
ECW,FYBT-D1,Archana
ECW,FYBT-D2,Gaikwad
ECW,FYBT-D3,Gaikwad
ECW,FYBT-D4,Gaikwad
ECW,FYBT-D5,Jignesh
FCP-Lab,FYBT-A1,Soma
FCP-Lab,FYBT-A2,Vibhavari
FCP-Lab,FYBT-A3,Vibhavari
FCP-Lab,FYBT-A4,Soma
FCP-Lab,FYBT-A5,Rohini
FCP-Lab,FYBT-B1,Soma
FCP-Lab,FYBT-B2,Rohini
FCP-Lab,FYBT-B3,Soma
FCP-Lab,FYBT-B4,Asmita
FCP-Lab,FYBT-B5,Asmita
FCP-Lab,FYBT-C1,Asmita
FCP-Lab,FYBT-C2,Gosavi
FCP-Lab,FYBT-C3,Gosavi
FCP-Lab,FYBT-C4,Jagdish
FCP-Lab,FYBT-C5,Jagdish
FCP-Lab,FYBT-D1,Jagdish
FCP-Lab,FYBT-D2,Aparna
FCP-Lab,FYBT-D3,Aparna
FCP-Lab,FYBT-D4,Soma
FCP-Lab,FYBT-D5,Aparna
MPT-Lab,SYBT-CE-S1,Kumbhar
PPL-Lab,SYBT-CE-S1,Sheetal
MPT-Lab,SYBT-CE-S2,Kumbhar
PPL-Lab,SYBT-CE-S2,Sheetal
MPT-Lab,SYBT-CE-S3,Kumbhar
PPL-Lab,SYBT-CE-S3,Sheetal
MPT-Lab,SYBT-CE-S4,Kumbhar
PPL-Lab,SYBT-CE-S4,Sheetal
MPT-Lab,SYBT-IT-S1,Kumbhar
PPL-Lab,SYBT-IT-S1,Uma
MPT-Lab,SYBT-IT-S2,Kumbhar
PPL-Lab,SYBT-IT-S2,Uma
MPT-Lab,SYBT-IT-S3,Kumbhar
PPL-Lab,SYBT-IT-S3,Vaibhav
MPT-Lab,SYBT-IT-S4,Kumbhar
PPL-Lab,SYBT-IT-S4,Vaibhav
OS-Lab,TYBT-CE-T1,Abhijit
AnC-Lab,TYBT-IT-T1,Mane
AnC-Lab,TYBT-IT-T2,Mane
AnC-Lab,TYBT-IT-T3,Aghav
AnC-Lab,TYBT-IT-T4,Aghav
AnC-Lab,TYBT-IT-T5,Aghav
CASP-Lab,TYBT-CE-T1,Vandana
CASP-Lab,TYBT-CE-T2,Vandana
CASP-Lab,TYBT-CE-T3,Snehal
CASP-Lab,TYBT-CE-T4,Snehal
CASP-Lab,TYBT-CE-T5,Snehal
CBD-Lab,TYBT-CE-CBD1,Jibi
CBD-Lab,TYBT-IT-CBD1,Jibi
CBD-Lab,TYBT-IT-CBD2,Nikita
CBD,TYBT-CE-CBD1,Jibi
CBD,TYBT-IT-CBD1,Jibi
CBD,TYBT-IT-CBD2,Nikita
CG-Lab,TYBT-CE-CG1,Pachghare
CG,TYBT-CE-CG1,Pachghare
CPES-Lab,TYBT-CE-CPES1,Sheetal
CPES-Lab,TYBT-IT-CPES1,Sheetal
CPES,TYBT-CE-CPES1,Sheetal
CPES,TYBT-IT-CPES1,Sheetal
CSFLP-Lab,BT-CE-CSFLP1,Ghumbre
CSFLP-Lab,BT-CE-CSFLP2,Ghumbre
CSFLP-Lab,BT-IT-CSFLP1,Ghumbre
CSFLP-Lab,BT-IT-CSFLP2,Ghumbre
CSFLP,BT-CE-CSFLP1,Ghumbre
CSFLP,BT-CE-CSFLP2,Ghumbre
CSFLP,BT-IT-CSFLP1,Ghumbre
CSFLP,BT-IT-CSFLP2,Ghumbre
DM-Lab,TYBT-CE-DM1,Archana
DM-Lab,TYBT-IT-DM1,Archana
DM,TYBT-CE-DM1,Archana
DM,TYBT-IT-DM1,Archana
EC-Lab,BT-CE-EC1,Rahul
EC-Lab,BT-CE-EC2,Rahul
EC-Lab,BT-IT-EC1,Rahul
EC-Lab,BT-IT-EC2,Rahul
EC,BT-CE-EC1,Rahul
EC,BT-CE-EC2,Rahul
EC,BT-IT-EC1,Rahul
EC,BT-IT-EC2,Rahul
FOSS-Lab,TYBT-CE-FOSS1,Abhijit
FOSS-Lab,TYBT-IT-FOSS1,Abhijit
FOSS,TYBT-CE-FOSS1,Abhijit
FOSS,TYBT-IT-FOSS1,Abhijit
LP-Lab,TYBT-IT-T1,Ghotkar
LP-Lab,TYBT-IT-T2,Ghotkar
LP-Lab,TYBT-IT-T3,Ghotkar
LP-Lab,TYBT-IT-T4,Ghotkar
LP-Lab,TYBT-IT-T5,Haribhakta
NLP-Lab,BT-CE-NLP1,Haribhakta
NLP-Lab,BT-IT-NLP1,Haribhakta
NLP,BT-CE-NLP1,Haribhakta
NLP,BT-IT-NLP1,Haribhakta
OS-Lab,TYBT-CE-T2,Abhijit
OS-Lab,TYBT-CE-T3,Abhijit
OS-Lab,TYBT-CE-T4,Haribhakta
OS-Lab,TYBT-CE-T5,Haribhakta
SDP-Lab,TYBT-IT-T1,Pachghare
SDP-Lab,TYBT-IT-T2,Pachghare
SDP-Lab,TYBT-IT-T3,Khadse
SDP-Lab,TYBT-IT-T4,Snehal
SDP-Lab,TYBT-IT-T5,Snehal
SE-Lab,TYBT-CE-T1,Tanuja
SE-Lab,TYBT-CE-T2,Tanuja
SE-Lab,TYBT-CE-T3,Tanuja
SE-Lab,TYBT-CE-T4,Tanuja
SE-Lab,TYBT-CE-T5,Archana
WST-Lab,BT-CE-WST1,Khadse
WST-Lab,BT-CE-WST2,Khadse
WST-Lab,BT-CE-WST3,Khadse
WST-Lab,BT-CE-WST4,Khadse
WST-Lab,BT-CE-WST5,Khadse
WST-Lab,BT-IT-WST1,Jignesh
WST-Lab,BT-IT-WST2,Jignesh
WST-Lab,BT-IT-WST3,Jignesh
WST-Lab,BT-IT-WST4,Jignesh
WST-Lab,BT-IT-WST5,Jignesh
